"var_name_chr","coeff_dbl"
"vD1",0.0719264
"vD2",0.1027818
"vD3",0.2519563
"vD4",0.3201172
"vD5",0.1288289
"vD6",0.2052164
"Constant",-0.0444493
