"Question_chr","Worst_Weight_dbl"
"Q1",0.385412
"Q2",0.593819
"Q3",0.630323
"Q4",0.794888
"Q5",0.64303
"Q6",0.697742
"Q7",0.508658
"Q8",0.640377
"Q9",0.588422
"Q10",0.648748
"Q11",0.71122
"Q12",0.415694
"Q13",0.636994
"Q14",0.773296
"Q15",0.631833
"Q16",0.767573
"Q17",0.652241
"Q18",0.580696
"Q19",0.463022
"Q20",0.604613
